Voltage(V),Current(A),Power(W)
5,"[4.9929    0.0264042 4.99409   0.0262879 4.99461   0.0267658 4.99433
 0.0264243 4.99311   0.0266259]","[24.9645      0.132021   24.970451    0.1314395  24.97305     0.133829
 24.97165     0.1321215  24.965551    0.13312949]"
