Voltage(V),Current(A),Power(W)
5,[4.99896   0.0125572 4.99972   0.0139735],[24.9948     0.062786  24.9986     0.0698675]
