Voltage(V),Current(A),Power(W)
5,[4.9938    0.0256343 4.9929    0.0248969 4.99383   0.0262696],[24.969002    0.1281715  24.9645      0.12448449 24.96915     0.131348  ]
