Voltage(V),Current(A),Power(W)
5,[4.99954   0.0121397 4.99985   0.012654 ],[24.9977     0.0606985 24.999249   0.06327  ]
