Voltage(V),Current(A),Power(W)
5,[0.0219745 0.0230494 0.0226476 ... 0.0122404 0.0122692 0.0123622],[0.10987251 0.115247   0.11323801 ... 0.061202   0.061346   0.061811  ]
