Voltage(V),Current(A),Power(W)
5,[4.99421   0.0225479 4.99334   0.0212537 4.99427   0.0226105],[24.971048   0.1127395 24.9667     0.1062685 24.97135    0.1130525]
