Voltage(V),Current(A),Power(W)
5,"[ 5.01437e+00 -1.85500e-03  4.99740e+00 ...  3.99087e-02  5.06990e+00
  3.13939e-02]","[ 2.507185e+01 -9.275001e-03  2.498700e+01 ...  1.995435e-01  2.534950e+01
  1.569695e-01]"
