Voltage(V),Current(A),Power(W)
5,[4.99436   0.0246659 4.99421   0.0246904 4.99465   0.0251239],[24.9718      0.1233295  24.971048    0.12345201 24.97325     0.1256195 ]
