Voltage(V),Current(A),Power(W)
5,"[4.99912   0.0124177 4.9997    0.0141564 4.99918   0.0147375 4.9995
 0.0140234 4.99993   0.0137394 4.99963   0.0137196 4.9995    0.0140711
 4.99956   0.0141561 4.99959   0.0137916 4.99956   0.0139501 4.993
 0.0281634 4.99943   0.0143321 4.99946   0.0141565 4.99433   0.0277747
 4.99978   0.0141624 4.99946   0.0139486 4.99433   0.0274998 4.9992
 0.0147907 4.99954   0.014351  4.99318   0.0285441 4.99984   0.0143857
 5.00001   0.0142833 4.99279   0.0281198 4.99946   0.0144861 4.99973
 0.0147259 4.99249   0.0284293 4.9996    0.0145934 4.99941   0.0145812]","[24.995602   0.0620885 24.9985     0.070782  24.9959     0.0736875
 24.9975     0.070117  24.99965    0.068697  24.99815    0.068598
 24.9975     0.0703555 24.997799   0.0707805 24.99795    0.068958
 24.997799   0.0697505 24.965      0.140817  24.99715    0.0716605
 24.997301   0.0707825 24.97165    0.1388735 24.998901   0.070812
 24.997301   0.069743  24.97165    0.137499  24.995998   0.0739535
 24.9977     0.071755  24.965899   0.1427205 24.999199   0.0719285
 25.00005    0.0714165 24.963951   0.140599  24.997301   0.0724305
 24.99865    0.0736295 24.962448   0.1421465 24.998      0.072967
 24.997051   0.072906 ]"
