Voltage(V),Current(A),Power(W)
5,"[4.99286   0.0257765 4.99412   0.0243545 4.99266   0.0262278 4.99487
 0.0346815 4.99376   0.0259623]","[24.964298    0.1288825  24.9706      0.12177251 24.9633      0.131139
 24.97435     0.1734075  24.9688      0.1298115 ]"
