Voltage(V),Current(A),Power(W)
5,[0.0249116 0.0261885 0.0250362 0.0272479 0.0266964],[0.12455799 0.1309425  0.125181   0.1362395  0.13348201]
