Voltage(V),Current(A),Power(W)
5,"[4.99936e+00 2.30787e-02 5.00188e+00 ... 4.74600e-03 4.99892e+00
 1.25869e-02]","[2.49967995e+01 1.15393505e-01 2.50094013e+01 ... 2.37299986e-02
 2.49946003e+01 6.29345030e-02]"
