Voltage(V),Current(A),Power(W)
5,[4.99391   0.0278985 4.99399   0.0283525 4.99435   0.0284606],[24.96955     0.1394925  24.96995     0.14176251 24.97175     0.14230299]
