Voltage(V),Current(A),Power(W)
5,[4.99942   0.0103157 4.99377   0.0212334 4.99949   0.0105269],[24.9971     0.0515785 24.968851   0.106167  24.997448   0.0526345]
