Voltage(V),Current(A),Power(W)
5,[4.99944   0.0139539 4.99919   0.0144855],[24.9972     0.0697695 24.995949   0.0724275]
