Voltage(V),Current(A),Power(W)
5,[4.99957   0.0142392 4.99963   0.0149679 4.99967   0.0145288],[24.997849   0.071196  24.99815    0.0748395 24.99835    0.072644 ]
