Voltage(V),Current(A),Power(W)
5,[4.99982   0.0140954 4.99968   0.0142306 4.99962   0.0144693],[24.999102   0.070477  24.9984     0.071153  24.9981     0.0723465]
