Voltage(V),Current(A),Power(W)
5,"[5.01380e+00 3.97780e-03 5.00945e+00 ... 1.20200e-03 4.99864e+00
 1.36089e-02]","[2.5069000e+01 1.9888999e-02 2.5047249e+01 ... 6.0099997e-03 2.4993200e+01
 6.8044499e-02]"
