Voltage(V),Current(A),Power(W)
5,[4.99385   0.0277195 4.99493   0.0265151 4.99326   0.0273699],[24.969252   0.1385975 24.97465    0.1325755 24.9663     0.1368495]
