Voltage(V),Current(A),Power(W)
5,"[4.99238   0.0239704 4.9934    0.0259249 4.9934    0.024707  4.99495
 0.0353958 4.99356   0.025971 ]","[24.9619      0.11985201 24.967001    0.1296245  24.967001    0.12353501
 24.974749    0.176979   24.9678      0.12985499]"
