Voltage(V),Current(A),Power(W)
5,[4.99952   0.0141495 4.9995    0.0143771],[24.997599   0.0707475 24.9975     0.0718855]
