Voltage(V),Current(A),Power(W)
5,[4.99962   0.0139448 4.99985   0.0151435 5.00005   0.0141731],[24.9981     0.069724  24.999249   0.0757175 25.00025    0.0708655]
