Voltage(V),Current(A),Power(W)
5,[4.9994    0.0123272 4.99964   0.0126481 4.99935   0.0126323],[24.997002   0.061636  24.9982     0.0632405 24.99675    0.0631615]
