Voltage(V),Current(A),Power(W)
5,"[4.97324e+00 2.61090e-03 5.00870e+00 ... 8.79280e-03 4.98560e+00
 4.58660e-03]","[2.4866199e+01 1.3054499e-02 2.5043499e+01 ... 4.3963999e-02 2.4927999e+01
 2.2932999e-02]"
