Voltage(V),Current(A),Power(W)
5,[4.9997    0.0141039 4.99967   0.0144618 4.99947   0.0142721],[24.9985     0.0705195 24.99835    0.072309  24.99735    0.0713605]
