Voltage(V),Current(A),Power(W)
5,"[-3.912932797648236e+27, -254.30950927734375, -1.3761307358861736e-30, -8.330908504650466e+30, 111292153856.0, -9.218769777538459e-32, -47953.234375, 2.6758623554916856e+38, 21671.1171875, -0.363885760307312]","[-3.912932797648236e+27, -254.30950927734375, -1.3761307358861736e-30, -8.330908504650466e+30, 111292153856.0, -9.218769777538459e-32, -47953.234375, 2.6758623554916856e+38, 21671.1171875, -0.363885760307312, -3.912932797648236e+27, -254.30950927734375, -1.3761307358861736e-30, -8.330908504650466e+30, 111292153856.0, -9.218769777538459e-32, -47953.234375, 2.6758623554916856e+38, 21671.1171875, -0.363885760307312, -3.912932797648236e+27, -254.30950927734375, -1.3761307358861736e-30, -8.330908504650466e+30, 111292153856.0, -9.218769777538459e-32, -47953.234375, 2.6758623554916856e+38, 21671.1171875, -0.363885760307312, -3.912932797648236e+27, -254.30950927734375, -1.3761307358861736e-30, -8.330908504650466e+30, 111292153856.0, -9.218769777538459e-32, -47953.234375, 2.6758623554916856e+38, 21671.1171875, -0.363885760307312, -3.912932797648236e+27, -254.30950927734375, -1.3761307358861736e-30, -8.330908504650466e+30, 111292153856.0, -9.218769777538459e-32, -47953.234375, 2.6758623554916856e+38, 21671.1171875, -0.363885760307312]"
