Voltage(V),Current(A),Power(W)
5,[0.0219745 0.0230494 0.0226476 ... 0.0122641 0.0124997 0.0122723],[0.10987251 0.115247   0.11323801 ... 0.0613205  0.0624985  0.0613615 ]
