Voltage(V),Current(A),Power(W)
5,"[4.99925   0.010507  4.99941   0.0126766 4.99293   0.026965  4.99977
 0.0126854 4.99449   0.030321  4.99946   0.0124667 4.99336   0.0344742
 4.99952   0.012621 ]","[24.99625     0.052535   24.997051    0.063383   24.96465     0.13482499
 24.998852    0.063427   24.97245     0.151605   24.997301    0.0623335
 24.9668      0.172371   24.997599    0.063105  ]"
