Voltage(V),Current(A),Power(W)
5,"[0.0124308 0.0126759 0.0124881 0.012701  0.012498  0.0126549 0.0127018
 0.0124236 0.0124036 0.0120166 0.0124212 0.0127664 0.0124879 0.0126294
 0.0126231 0.0125839 0.0125086 0.0126966 0.012667  0.0125456 0.0122837
 0.0126967 0.0124257 0.0126436 0.0126113 0.012599  0.0126677 0.0129041
 0.0127112 0.0125335]","[0.062154  0.0633795 0.0624405 0.063505  0.06249   0.0632745 0.063509
 0.062118  0.062018  0.060083  0.062106  0.063832  0.0624395 0.063147
 0.0631155 0.0629195 0.062543  0.063483  0.063335  0.062728  0.0614185
 0.0634835 0.0621285 0.063218  0.0630565 0.062995  0.0633385 0.0645205
 0.063556  0.0626675]"
