Voltage(V),Current(A),Power(W)
5,"[4.99422e+00 7.05900e-04 4.99488e+00 ... 1.46724e-02 5.01197e+00
 9.07190e-03]","[2.4971100e+01 3.5295002e-03 2.4974401e+01 ... 7.3362000e-02 2.5059851e+01
 4.5359500e-02]"
