Voltage(V),Current(A),Power(W)
5,"[4.99888   0.0121141 4.99928   0.0146508 4.9934    0.029337  4.99976
 0.0148585 4.99354   0.0282495 4.99973   0.014541  4.99408   0.0276587
 4.99957   0.0142636 4.99345   0.027459  4.99949   0.0142139]","[24.9944      0.0605705  24.996399    0.073254   24.967001    0.146685
 24.9988      0.0742925  24.9677      0.1412475  24.99865     0.072705
 24.9704      0.13829349 24.997849    0.071318   24.96725     0.137295
 24.997448    0.0710695 ]"
