Voltage(V),Current(A),Power(W)
5,[0.0246923 0.0243273 0.0251521 ... 0.01434   0.0147039 0.0143668],[0.1234615 0.1216365 0.1257605 ... 0.0717    0.0735195 0.071834 ]
