Voltage(V),Current(A),Power(W)
5,[0.0246923 0.0243273 0.0251521 ... 0.0136018 0.0144415 0.0139947],[0.1234615 0.1216365 0.1257605 ... 0.068009  0.0722075 0.0699735]
