Voltage(V),Current(A),Power(W)
5,[4.99475   0.0256857 4.99441   0.0268327 4.99417   0.0265347],[24.973751   0.1284285 24.97205    0.1341635 24.970852   0.1326735]
