Voltage(V),Current(A),Power(W)
5,[4.99933   0.0105969 4.99555   0.0233216],[24.99665    0.0529845 24.97775    0.116608 ]
