Voltage(V),Current(A),Power(W)
5,[4.99941  0.01443  4.99958  0.014198],[24.997051  0.07215  24.9979    0.07099 ]
