Voltage(V),Current(A),Power(W)
5,[0.0277707 0.0266215 0.0274343],[0.1388535 0.1331075 0.1371715]
