Voltage(V),Current(A),Power(W)
5,[4.99509   0.0114953 5.00286   ... 0.0111271 5.00359   0.0313874],[24.97545    0.0574765 25.014301  ...  0.0556355 25.01795    0.156937 ]
