Voltage(V),Current(A),Power(W)
5,[4.99931   0.0105525 4.9948    0.0212392 4.99929   0.0106403],[24.99655    0.0527625 24.974      0.106196  24.99645    0.0532015]
