Voltage(V),Current(A),Power(W)
5,[4.99927   0.0119568 4.99961   0.0129359 4.99993   0.0126465],[24.99635    0.059784  24.99805    0.0646795 24.99965    0.0632325]
