Voltage(V),Current(A),Power(W)
5,"[-3.912932797648236e+27, -254.30950927734375, -1.3761307358861736e-30, -8.330908504650466e+30, 111292153856.0]","[-3.912932797648236e+27, -254.30950927734375, -1.3761307358861736e-30, -8.330908504650466e+30, 111292153856.0, -3.912932797648236e+27, -254.30950927734375, -1.3761307358861736e-30, -8.330908504650466e+30, 111292153856.0, -3.912932797648236e+27, -254.30950927734375, -1.3761307358861736e-30, -8.330908504650466e+30, 111292153856.0, -3.912932797648236e+27, -254.30950927734375, -1.3761307358861736e-30, -8.330908504650466e+30, 111292153856.0, -3.912932797648236e+27, -254.30950927734375, -1.3761307358861736e-30, -8.330908504650466e+30, 111292153856.0]"
