Voltage(V),Current(A),Power(W)
5,"[4.97324e+00 2.61090e-03 5.00870e+00 ... 2.38124e-02 4.97838e+00
 6.69720e-02]","[2.4866199e+01 1.3054499e-02 2.5043499e+01 ... 1.1906200e-01 2.4891901e+01
 3.3486003e-01]"
