Voltage(V),Current(A),Power(W)
5,[4.9993    0.0122795 4.99479   0.0234809 4.99976   0.0128493],[24.9965     0.0613975 24.97395    0.1174045 24.9988     0.0642465]
