Voltage(V),Current(A),Power(W)
5,[4.99961   0.0139463 4.99956   0.0147997 4.9993    0.014641 ],[24.99805    0.0697315 24.997799   0.0739985 24.9965     0.073205 ]
