Voltage(V),Current(A),Power(W)
5,[0.0219745 0.0230494 0.0226476 ... 0.0120703 0.0120949 0.0121018],[0.10987251 0.115247   0.11323801 ... 0.0603515  0.0604745  0.060509  ]
