Voltage(V),Current(A),Power(W)
5,[4.99964   0.013253  4.99953   0.0148123],[24.9982     0.066265  24.99765    0.0740615]
