Voltage(V),Current(A),Power(W)
5,"[4.99791e+00 4.80910e-03 5.00068e+00 ... 1.94879e-02 4.99600e+00
 9.92200e-03]","[2.4989550e+01 2.4045501e-02 2.5003399e+01 ... 9.7439505e-02 2.4980000e+01
 4.9609996e-02]"
