Voltage(V),Current(A),Power(W)
5,[4.99883   0.0105571 4.95462   ... 0.0095176 5.00066   0.0123167],[24.994148   0.0527855 24.7731    ...  0.047588  25.0033     0.0615835]
