Voltage(V),Current(A),Power(W)
5,[0.0054027 0.0385545 0.0280003 ... 0.0145447 0.0100815 0.0096204],[0.0270135  0.19277251 0.1400015  ... 0.0727235  0.0504075  0.048102  ]
