Voltage(V),Current(A),Power(W)
5,[4.99984   0.0145402 5.00021   0.0142126],[24.999199  0.072701 25.001049  0.071063]
