Voltage(V),Current(A),Power(W)
5,[0.0246923 0.0243273 0.0251521 ... 0.0139175 0.0136686 0.0140298],[0.1234615 0.1216365 0.1257605 ... 0.0695875 0.068343  0.070149 ]
