Voltage(V),Current(A),Power(W)
5,[4.99334   0.0255413 4.99303   0.0246066 4.9926    0.0253809],[24.9667     0.1277065 24.96515    0.123033  24.963      0.1269045]
