Voltage(V),Current(A),Power(W)
5,[4.99961   0.0125021 4.99959   0.0142235],[24.99805     0.06251051 24.99795     0.0711175 ]
