Voltage(V),Current(A),Power(W)
5,[5.00153   0.0082941 4.99605   ... 0.0193657 5.00741   0.0083314],[25.00765    0.0414705 24.98025   ...  0.0968285 25.03705    0.041657 ]
