Voltage(V),Current(A),Power(W)
5,[4.99958   0.0139665 4.99955   0.014378  4.99954   0.0149448],[24.9979     0.0698325 24.99775    0.07189   24.9977     0.074724 ]
