Voltage(V),Current(A),Power(W)
5,[4.99966   0.0121475 4.9999    0.0129259 4.99968   0.0129011],[24.9983     0.0607375 24.9995     0.0646295 24.9984     0.0645055]
