Voltage(V),Current(A),Power(W)
5,[4.99963   0.013802  4.99977   0.0146809 4.9996    0.0143603],[24.99815    0.06901   24.998852   0.0734045 24.998      0.0718015]
