Voltage(V),Current(A),Power(W)
5,"[4.99886   0.0104914 4.99942   0.0121295 4.99268   0.026278  4.99382
 0.0261747 4.99322   0.0262401 4.99319   0.0260098 4.99332   0.0262356
 4.99286   0.0262196]","[24.994299    0.052457   24.9971      0.0606475  24.9634      0.13139
 24.9691      0.1308735  24.966099    0.13120049 24.96595     0.130049
 24.9666      0.13117799 24.964298    0.131098  ]"
