Voltage(V),Current(A),Power(W)
5,[4.9929    0.0257377 4.99962   0.0126108 4.99957   0.0126304],[24.9645     0.1286885 24.9981     0.063054  24.997849   0.063152 ]
