Voltage(V),Current(A),Power(W)
5,[4.9927    0.0256986 4.99354   0.0256848 4.99455   0.0260233],[24.963501   0.128493  24.9677     0.128424  24.972752   0.1301165]
