Voltage(V),Current(A),Power(W)
5,[0.0219745 0.0230494 0.0226476 ... 0.012036  0.0119619 0.0121475],[0.10987251 0.115247   0.11323801 ... 0.06018    0.0598095  0.0607375 ]
