Voltage(V),Current(A),Power(W)
5,[4.99944   0.0140657 4.99969   0.0146304],[24.9972     0.0703285 24.998451   0.073152 ]
