Voltage(V),Current(A),Power(W)
5,[4.99925   0.0126232 4.99379   0.0240956 4.99897   0.0128908],[24.99625   0.063116 24.96895   0.120478 24.99485   0.064454]
