Voltage(V),Current(A),Power(W)
5,[5.00886   0.0135402 4.99875   ... 0.0128123 5.00575   0.0157403],[25.0443     0.067701  24.993752  ...  0.0640615 25.028751   0.0787015]
