Voltage(V),Current(A),Power(W)
5,"[4.99959   0.0105183 4.99963   0.0122526 4.99281   0.0261999 4.99269
 0.0262067 4.99388   0.025844  4.99383   0.0263601 4.99325   0.0265894]","[24.99795     0.0525915  24.99815     0.061263   24.964048    0.1309995
 24.963451    0.1310335  24.969398    0.12922001 24.96915     0.1318005
 24.96625     0.132947  ]"
