Voltage(V),Current(A),Power(W)
5,[4.99933   0.0105229 4.99373   0.0274796],[24.99665    0.0526145 24.96865    0.137398 ]
