Voltage(V),Current(A),Power(W)
5,[0.0282853 0.0263476 0.0279308],[0.1414265 0.131738  0.139654 ]
