Voltage(V),Current(A),Power(W)
5,"[5.00372e+00 2.16227e-02 4.99492e+00 ... 4.25790e-03 4.99972e+00
 1.26435e-02]","[2.50185986e+01 1.08113505e-01 2.49745979e+01 ... 2.12895013e-02
 2.49986000e+01 6.32174984e-02]"
