Voltage(V),Current(A),Power(W)
5,[0.0125365 0.0124342 0.0125991 0.0124083 0.0123486],[0.06268249 0.062171   0.0629955  0.0620415  0.061743  ]
