Voltage(V),Current(A),Power(W)
5,[4.99935   0.0105402 4.99964   0.0126122 4.99443   0.0274333],[24.99675    0.052701  24.9982     0.063061  24.97215    0.1371665]
