Voltage(V),Current(A),Power(W)
5,[4.99314   0.0272617 4.99967   0.0147268],[24.965702   0.1363085 24.99835    0.073634 ]
