Voltage(V),Current(A),Power(W)
5,[4.99958  0.012096 4.99948  0.012987],[24.9979    0.06048  24.997398  0.064935]
