Voltage(V),Current(A),Power(W)
5,[0.0227747 0.0229603 0.0330305 ... 0.0122528 0.0122551 0.0122072],[0.1138735  0.1148015  0.16515249 ... 0.061264   0.0612755  0.061036  ]
