Voltage(V),Current(A),Power(W)
5,[4.99994   0.0142553 4.99966   0.0144058],[24.999699   0.0712765 24.9983     0.072029 ]
