Voltage(V),Current(A),Power(W)
5,[0.0219745 0.0230494 0.0226476 ... 0.011936  0.0121296 0.0122972],[0.10987251 0.115247   0.11323801 ... 0.05968    0.060648   0.061486  ]
