Voltage(V),Current(A),Power(W)
5,[0.0244237 0.0261715 0.0255303 0.0321281 0.0262251],[0.1221185 0.1308575 0.1276515 0.1606405 0.1311255]
