Voltage(V),Current(A),Power(W)
5,"[4.99871   0.0106492 4.99971   0.0118678 4.9939    0.0262309 4.99324
 0.0261293 4.99254   0.0262794 4.99346   0.0257292 4.99292   0.0259535
 4.9932    0.0262042]","[24.993551    0.053246   24.99855     0.059339   24.9695      0.13115449
 24.9662      0.1306465  24.9627      0.131397   24.9673      0.128646
 24.9646      0.12976749 24.966       0.13102101]"
