Voltage(V),Current(A),Power(W)
5,[4.99997   0.0138898 4.99947   0.0145622 4.99958   0.0149179],[24.99985    0.069449  24.99735    0.072811  24.9979     0.0745895]
