Voltage(V),Current(A),Power(W)
5,"[4.99928   0.0102967 4.99962   0.0123708 4.99346   0.0262001 5.00015
 0.0121534]","[24.996399   0.0514835 24.9981     0.061854  24.9673     0.1310005
 25.000751   0.060767 ]"
