Voltage(V),Current(A),Power(W)
5,"[4.9991    0.0104242 4.99273   0.0216391 4.99863   0.0105464 4.99928
 0.0106485 4.99914   0.0102974 4.9977    0.0120331 4.99961   0.0124123
 4.99962   0.0126362 4.99962   0.0126455 4.99891   0.0128418 4.99942
 0.0123517 4.99967   0.0130025 4.99956   0.0125151 4.99957   0.0124812
 4.99955   0.0122869 4.9996    0.0123431 4.99955   0.0125591 4.99968
 0.0125603 4.99945   0.0124286 4.99959   0.0124875 4.99957   0.0126452
 4.9995    0.0127479 4.99952   0.0123665 4.99922   0.0126191 4.99969
 0.0122134 4.99927   0.0124381 4.99966   0.0124939 4.99957   0.0124584
 4.99951   0.0124572 4.99961   0.0126072 4.99978   0.0125862 4.9996
 0.0126198 4.99985   0.012577  5.00009   0.012283  4.99938   0.012538
 4.99949   0.0125503 4.99962   0.0123536 4.99933   0.0123411 4.99956
 0.0123745 4.99971   0.0122299 4.99969   0.0123073 4.9996    0.0125137
 4.99965   0.0124556 4.99922   0.0119961 4.99984   0.0117999 4.99968
 0.0122204 4.99955   0.0124136]","[24.9955     0.052121  24.96365    0.1081955 24.99315    0.052732
 24.996399   0.0532425 24.995699   0.051487  24.9885     0.0601655
 24.99805    0.0620615 24.9981     0.063181  24.9981     0.0632275
 24.994549   0.064209  24.9971     0.0617585 24.99835    0.0650125
 24.997799   0.0625755 24.997849   0.062406  24.99775    0.0614345
 24.998      0.0617155 24.99775    0.0627955 24.9984     0.0628015
 24.997252   0.062143  24.99795    0.0624375 24.997849   0.063226
 24.9975     0.0637395 24.997599   0.0618325 24.9961     0.0630955
 24.998451   0.061067  24.99635    0.0621905 24.9983     0.0624695
 24.997849   0.062292  24.99755    0.062286  24.99805    0.063036
 24.998901   0.062931  24.998      0.063099  24.999249   0.062885
 25.00045    0.061415  24.9969     0.06269   24.997448   0.0627515
 24.9981     0.061768  24.99665    0.0617055 24.997799   0.0618725
 24.99855    0.0611495 24.998451   0.0615365 24.998      0.0625685
 24.99825    0.062278  24.9961     0.0599805 24.999199   0.0589995
 24.9984     0.061102  24.99775    0.062068 ]"
