Voltage(V),Current(A),Power(W)
5,"[5.01380e+00 3.97780e-03 5.00945e+00 ... 1.30664e-02 5.00037e+00
 8.44110e-03]","[2.5069000e+01 1.9888999e-02 2.5047249e+01 ... 6.5331995e-02 2.5001850e+01
 4.2205498e-02]"
