Voltage(V),Current(A),Power(W)
5,[4.99441   0.0258784 4.99299   0.0251262 4.99327   0.0262731],[24.97205    0.129392  24.96495    0.125631  24.96635    0.1313655]
