Voltage(V),Current(A),Power(W)
5,[4.99979   0.0138964 4.99965   0.0146091],[24.998951   0.069482  24.99825    0.0730455]
