Voltage(V),Current(A),Power(W)
5,[4.99888   0.0121141 4.99928   0.0146508],[24.9944     0.0605705 24.996399   0.073254 ]
