Voltage(V),Current(A),Power(W)
5,[4.9994    0.0122093 4.9996    0.0125608],[24.997002   0.0610465 24.998      0.062804 ]
