Voltage(V),Current(A),Power(W)
5,[4.99952   0.0119941 4.99947   0.0128798 4.99948   0.0123981],[24.997599   0.0599705 24.99735    0.064399  24.997398   0.0619905]
