Voltage(V),Current(A),Power(W)
5,[4.99957   0.0126346 4.9996    0.0129346 4.99964   0.0129837],[24.997849   0.063173  24.998      0.064673  24.9982     0.0649185]
