Voltage(V),Current(A),Power(W)
5,"[4.9996    0.0107988 4.99285   0.0211384 4.9994    0.0105303 4.99919
 0.010591  4.99957   0.0102636 4.99689   0.0128043 4.99955   0.0126031
 4.99884   0.0128313 5.00005   0.0126966 4.99969   0.0124206 4.99964
 0.0124284 4.99955   0.01282   4.9995    0.0124906 4.99984   0.012508
 4.99953   0.0126729 4.99975   0.0127197 4.9996    0.0122994 4.99956
 0.0128034 4.99957   0.0126315 4.99964   0.0128243 4.99971   0.0124889
 4.99961   0.0124696 4.99952   0.0122883 4.99993   0.0124928 4.99954
 0.0125826 4.99961   0.0126503 4.99964   0.0124912 4.9996    0.0124828
 4.99987   0.0124459 4.99946   0.0126334 4.99949   0.0125595 4.99979
 0.0124177 4.99931   0.0126627 4.9993    0.0123496 4.99944   0.0121204
 4.99945   0.0122975 4.99954   0.0124655 4.99965   0.0124785 4.99958
 0.0125563 4.99949   0.0126391 4.99961   0.0128486 4.99952   0.0124099
 4.99963   0.0121562 4.99958   0.012118  4.99944   0.012306  4.99964
 0.0122543 4.99899   0.0126049]","[24.998       0.053994   24.964249    0.105692   24.997002    0.0526515
 24.995949    0.052955   24.997849    0.051318   24.984451    0.0640215
 24.99775     0.06301551 24.9942      0.0641565  25.00025     0.063483
 24.998451    0.062103   24.9982      0.062142   24.99775     0.0641
 24.9975      0.062453   24.999199    0.06254    24.99765     0.0633645
 24.99875     0.0635985  24.998       0.061497   24.997799    0.064017
 24.997849    0.0631575  24.9982      0.0641215  24.99855     0.0624445
 24.99805     0.062348   24.997599    0.0614415  24.99965     0.062464
 24.9977      0.062913   24.99805     0.0632515  24.9982      0.062456
 24.998       0.062414   24.99935     0.0622295  24.997301    0.063167
 24.997448    0.0627975  24.998951    0.0620885  24.99655     0.0633135
 24.9965      0.061748   24.9972      0.060602   24.997252    0.0614875
 24.9977      0.0623275  24.99825     0.0623925  24.9979      0.0627815
 24.997448    0.0631955  24.99805     0.064243   24.997599    0.0620495
 24.99815     0.060781   24.9979      0.06059    24.9972      0.06153
 24.9982      0.0612715  24.99495     0.0630245 ]"
