Voltage(V),Current(A),Power(W)
5,[4.99446   0.0265308 4.99308   0.0268105 4.99394   0.0261338],[24.972301   0.132654  24.9654     0.1340525 24.9697     0.130669 ]
