Voltage(V),Current(A),Power(W)
5,[0.0054027 0.0385545 0.0280003 ... 0.0104951 0.0111033 0.0399766],[0.0270135  0.19277251 0.1400015  ... 0.0524755  0.0555165  0.199883  ]
