Voltage(V),Current(A),Power(W)
5,"[4.99913   0.0123969 4.99957   0.0145452 4.99517   0.0278983 4.99961
 0.0142827 4.99445   0.0285044 4.99976   0.0143629]","[24.99565     0.0619845  24.997849    0.072726   24.975851    0.1394915
 24.99805     0.0714135  24.97225     0.14252199 24.9988      0.0718145 ]"
