Voltage(V),Current(A),Power(W)
5,"[4.99918   0.0104317 4.99945   0.012635  4.99953   0.0128705 4.99965
 0.012266  4.99954   0.0123003 4.99963   0.0124847 4.9995    0.0120456
 4.99963   0.0120303 4.9997    0.012127  4.99936   0.0121426 4.99359
 0.0277426 4.99953   0.0126661 4.9996    0.0126766 4.99333   0.0260482
 4.99976   0.0127538 4.9996    0.0126734 4.9925    0.0264757 4.99971
 0.0125897 4.99945   0.0124564 4.99379   0.0259899 4.99965   0.0125336
 4.99966   0.0126487 4.99269   0.0261886 4.99975   0.012539  4.99958
 0.0124949]","[24.9959     0.0521585 24.997252   0.063175  24.99765    0.0643525
 24.99825    0.06133   24.9977     0.0615015 24.99815    0.0624235
 24.9975     0.060228  24.99815    0.0601515 24.9985     0.060635
 24.9968     0.060713  24.967949   0.138713  24.99765    0.0633305
 24.998      0.063383  24.96665    0.130241  24.9988     0.063769
 24.998      0.063367  24.9625     0.1323785 24.99855    0.0629485
 24.997252   0.062282  24.96895    0.1299495 24.99825    0.062668
 24.9983     0.0632435 24.963451   0.130943  24.99875    0.062695
 24.9979     0.0624745]"
