Voltage(V),Current(A),Power(W)
5,[0.0264358 0.0272748 0.027455 ],[0.13217899 0.136374   0.137275  ]
