Voltage(V),Current(A),Power(W)
5,[4.99933   0.0105229 4.99373   0.0274796 4.99325   0.0265289],[24.99665    0.0526145 24.96865    0.137398  24.96625    0.1326445]
