Voltage(V),Current(A),Power(W)
5,"[4.99422e+00 7.05900e-04 4.99488e+00 ... 9.16290e-03 5.00145e+00
 1.10255e-02]","[2.4971100e+01 3.5295002e-03 2.4974401e+01 ... 4.5814499e-02 2.5007250e+01
 5.5127498e-02]"
