Voltage(V),Current(A),Power(W)
5,[4.99433   0.0264883 4.99419   0.0275302 4.99406   0.0262036],[24.97165    0.1324415 24.970951   0.137651  24.9703     0.131018 ]
