Voltage(V),Current(A),Power(W)
5,[4.99933   0.0105229],[24.99665    0.0526145]
