Voltage(V),Current(A),Power(W)
5,[4.9996    0.0121199 4.99909   0.0127631 4.99949   0.012638 ],[24.998      0.0605995 24.995451   0.0638155 24.997448   0.06319  ]
