Voltage(V),Current(A),Power(W)
5,"[5.01380e+00 3.97780e-03 5.00945e+00 ... 9.28210e-03 4.99980e+00
 1.05864e-02]","[2.5069000e+01 1.9888999e-02 2.5047249e+01 ... 4.6410501e-02 2.4999001e+01
 5.2931998e-02]"
