Voltage(V),Current(A),Power(W)
5,[0.0257868 0.0252014 0.0258002 0.0351106 0.0265913],[0.128934   0.126007   0.129001   0.175553   0.13295649]
