Voltage(V),Current(A),Power(W)
5,[4.99913   0.0138074 4.99967   0.014899  4.99971   0.015413 ],[24.99565   0.069037 24.99835   0.074495 24.99855   0.077065]
