Voltage(V),Current(A),Power(W)
5,"[ 5.01437e+00 -1.85500e-03  4.99740e+00 ...  6.80584e-02  5.06951e+00
 -4.20640e-03]","[ 2.507185e+01 -9.275001e-03  2.498700e+01 ...  3.402920e-01  2.534755e+01
 -2.103200e-02]"
