Voltage(V),Current(A),Power(W)
5,"[4.99235   0.025085  4.99396   0.0259901 4.99406   0.0250539 4.99554
 0.0293808 4.99329   0.0262955]","[24.96175     0.125425   24.969799    0.12995051 24.9703      0.1252695
 24.977701    0.146904   24.96645     0.1314775 ]"
