Voltage(V),Current(A),Power(W)
5,[4.9922    0.0251275 4.99248   0.0260432 4.99387   0.0255806],[24.960999   0.1256375 24.962399   0.130216  24.969349   0.127903 ]
