Voltage(V),Current(A),Power(W)
5,"[4.99912   0.0124177 4.9997    0.0141564 4.99918   0.0147375 4.9995
 0.0140234 4.99993   0.0137394 4.99963   0.0137196 4.9995    0.0140711
 4.99956   0.0141561 4.99959   0.0137916 4.99956   0.0139501]","[24.995602   0.0620885 24.9985     0.070782  24.9959     0.0736875
 24.9975     0.070117  24.99965    0.068697  24.99815    0.068598
 24.9975     0.0703555 24.997799   0.0707805 24.99795    0.068958
 24.997799   0.0697505]"
