Voltage(V),Current(A),Power(W)
5,[5.00273   0.0158312 5.00314   ... 0.0098357 5.00458   0.0190679],[25.013649   0.079156  25.0157    ...  0.0491785 25.0229     0.0953395]
