Voltage(V),Current(A),Power(W)
5,"[4.99345   0.0257376 4.9928    0.0252531 4.99352   0.0256899 4.99554
 0.0342744 4.99332   0.0260334]","[24.96725     0.12868801 24.964       0.1262655  24.967598    0.1284495
 24.977701    0.171372   24.9666      0.13016699]"
