Voltage(V),Current(A),Power(W)
5,[4.99966   0.0121141 4.99994   0.0125302 4.99948   0.0124284],[24.9983     0.0605705 24.999699   0.062651  24.997398   0.062142 ]
