Voltage(V),Current(A),Power(W)
5,"[5.01380e+00 3.97780e-03 5.00945e+00 ... 1.15642e-02 5.00094e+00
 9.28800e-03]","[2.5069000e+01 1.9888999e-02 2.5047249e+01 ... 5.7820998e-02 2.5004700e+01
 4.6439998e-02]"
