Voltage(V),Current(A),Power(W)
5,[0.0269635 0.0272535 0.0279456],[0.1348175  0.1362675  0.13972801]
