Voltage(V),Current(A),Power(W)
5,[5.00137   0.0085602 4.99865   ... 0.009436  4.99878   0.0115879],[25.00685    0.042801  24.99325   ...  0.04718   24.993898   0.0579395]
