Voltage(V),Current(A),Power(W)
5,[4.99893   0.012456  4.99978   0.0125265],[24.99465    0.06228   24.998901   0.0626325]
