Voltage(V),Current(A),Power(W)
5,[4.99968   0.0120649 5.0001    0.0126896 4.99938   0.012766 ],[24.9984     0.0603245 25.0005     0.063448  24.9969     0.06383  ]
