Voltage(V),Current(A),Power(W)
5,[0.0246923 0.0243273 0.0251521 ... 0.0141743 0.0144658 0.0141057],[0.1234615 0.1216365 0.1257605 ... 0.0708715 0.072329  0.0705285]
