Voltage(V),Current(A),Power(W)
5,[4.99956   0.0138843 4.99954   0.014965  4.99952   0.0148133],[24.997799   0.0694215 24.9977     0.074825  24.997599   0.0740665]
