Voltage(V),Current(A),Power(W)
5,[4.99964   0.0140727 4.99946   0.0145966],[24.9982     0.0703635 24.997301   0.072983 ]
