Voltage(V),Current(A),Power(W)
5,[0.0246923 0.0243273 0.0251521 ... 0.0145238 0.0140241 0.013842 ],[0.1234615  0.1216365  0.1257605  ... 0.07261901 0.0701205  0.06921   ]
