Voltage(V),Current(A),Power(W)
5,[4.99415   0.0248043 4.99365   0.0251718 4.99497   0.0341993],[24.97075     0.1240215  24.96825     0.12585899 24.97485     0.1709965 ]
