Voltage(V),Current(A),Power(W)
5,"[4.99933   0.0105229 4.99373   0.0274796 4.99325   0.0265289 4.99394
 0.0261137 4.99448   0.0263834 4.99421   0.0262679]","[24.99665     0.0526145  24.96865     0.137398   24.96625     0.1326445
 24.9697      0.1305685  24.9724      0.131917   24.971048    0.13133949]"
