Voltage(V),Current(A),Power(W)
5,[4.99947   0.0122836 4.9996    0.0126409 4.99973   0.0126361],[24.99735    0.061418  24.998      0.0632045 24.99865    0.0631805]
