Voltage(V),Current(A),Power(W)
5,"[4.99894   0.0121454 4.99304   0.0241962 4.99913   0.0124549 4.99918
 0.0126728 4.99887   0.0126285 4.99784   0.0135547 4.99936   0.0140798
 4.99954   0.014801  4.99965   0.0144248 4.99955   0.0144614 4.99955
 0.0146403 4.99968   0.0144302 4.99945   0.0143455 4.9996    0.014639
 4.99953   0.0143761 4.9994    0.0142696 4.99955   0.0143895 4.9992
 0.0146911 4.99974   0.0140957 4.9996    0.0141765 4.99946   0.0144789
 4.99954   0.014199  5.00007   0.0140526 4.99974   0.0142478 4.99953
 0.0142118 4.99941   0.014538  4.99955   0.0140661 4.99951   0.0142827
 4.99965   0.014658  4.9997    0.0140415 4.99956   0.0143823 4.99965
 0.0146636 4.99964   0.0145809 4.99956   0.0143035 4.9995    0.0149544
 4.99999   0.0145981 4.99959   0.0142817 4.9999    0.0142438 4.9995
 0.0146737 4.99966   0.0142473 4.99949   0.0145047 4.99938   0.0143473
 4.9998    0.0139659 4.99959   0.0144232 4.99916   0.0137089 4.99957
 0.0136974 4.99927   0.0144242]","[24.9947      0.060727   24.9652      0.120981   24.99565     0.0622745
 24.9959      0.063364   24.99435     0.0631425  24.9892      0.0677735
 24.9968      0.070399   24.9977      0.074005   24.99825     0.072124
 24.99775     0.072307   24.99775     0.0732015  24.9984      0.072151
 24.997252    0.0717275  24.998       0.073195   24.99765     0.0718805
 24.997002    0.071348   24.99775     0.0719475  24.995998    0.07345551
 24.998701    0.0704785  24.998       0.0708825  24.997301    0.0723945
 24.9977      0.070995   25.00035     0.070263   24.998701    0.071239
 24.99765     0.071059   24.997051    0.07269    24.99775     0.0703305
 24.99755     0.0714135  24.99825     0.07329001 24.9985      0.0702075
 24.997799    0.0719115  24.99825     0.073318   24.9982      0.0729045
 24.997799    0.0715175  24.9975      0.074772   24.99995     0.0729905
 24.99795     0.0714085  24.9995      0.071219   24.9975      0.0733685
 24.9983      0.0712365  24.997448    0.0725235  24.9969      0.0717365
 24.999       0.0698295  24.99795     0.072116   24.9958      0.0685445
 24.997849    0.068487   24.99635     0.072121  ]"
