Voltage(V),Current(A),Power(W)
5,[4.99231   0.0248319 4.99294   0.0256375 4.9921    0.024985 ],[24.96155    0.1241595 24.964699   0.1281875 24.960499   0.124925 ]
