Voltage(V),Current(A),Power(W)
5,[0.0227747 0.0229603 0.0330305 ... 0.0117273 0.0122392 0.012205 ],[0.1138735  0.1148015  0.16515249 ... 0.0586365  0.061196   0.061025  ]
