Voltage(V),Current(A),Power(W)
5,[0.0219745 0.0230494 0.0226476 ... 0.0120818 0.0121186 0.0120139],[0.10987251 0.115247   0.11323801 ... 0.060409   0.060593   0.0600695 ]
