Voltage(V),Current(A),Power(W)
5,[4.99928   0.0141936 4.99946   0.0147158 4.9997    0.0142829],[24.996399   0.070968  24.997301   0.073579  24.9985     0.0714145]
