Voltage(V),Current(A),Power(W)
5,[4.99336   0.0247131 4.99438   0.0259179 4.99377   0.0246218],[24.9668     0.1235655 24.9719     0.1295895 24.968851   0.123109 ]
