Voltage(V),Current(A),Power(W)
5,[4.99354   0.0260192 4.99968   0.0127447],[24.9677     0.130096  24.9984     0.0637235]
