Voltage(V),Current(A),Power(W)
5,"[5.01380e+00 3.97780e-03 5.00945e+00 ... 7.77850e-03 5.00222e+00
 1.32380e-02]","[2.5069000e+01 1.9888999e-02 2.5047249e+01 ... 3.8892500e-02 2.5011101e+01
 6.6189997e-02]"
