Voltage(V),Current(A),Power(W)
5,[4.99442   0.0257617 4.99356   0.0259466 4.99391   0.0266281],[24.9721     0.1288085 24.9678     0.129733  24.96955    0.1331405]
