Voltage(V),Current(A),Power(W)
5,"[4.99928   0.0102967 4.99962   0.0123708 4.99346   0.0262001 5.00015
 0.0121534 4.99433   0.0350674 4.99964   0.0126712 4.99486   0.0344271
 4.99934   0.0125248 4.99587   0.0346593 4.99951   0.0123318 4.99452
 0.0347399 4.99913   0.0126273 4.99502   0.0350467 4.99954   0.012532 ]","[24.996399    0.0514835  24.9981      0.061854   24.9673      0.1310005
 25.000751    0.060767   24.97165     0.17533702 24.9982      0.063356
 24.9743      0.1721355  24.9967      0.062624   24.979351    0.1732965
 24.99755     0.061659   24.9726      0.1736995  24.99565     0.0631365
 24.9751      0.1752335  24.9977      0.06266   ]"
