Voltage(V),Current(A),Power(W)
5,[0.0227747 0.0229603 0.0330305 ... 0.0118596 0.0127335 0.0124834],[0.1138735  0.1148015  0.16515249 ... 0.059298   0.06366751 0.062417  ]
