Voltage(V),Current(A),Power(W)
5,[0.0246923 0.0243273 0.0251521 ... 0.0148183 0.0135632 0.0138877],[0.1234615  0.1216365  0.1257605  ... 0.07409149 0.067816   0.0694385 ]
