Voltage(V),Current(A),Power(W)
5,[4.99961   0.0138539 4.99918   0.0143385],[24.99805    0.0692695 24.9959     0.0716925]
