Voltage(V),Current(A),Power(W)
5,[0.0054027 0.0385545 0.0280003 ... 0.0090332 0.0110241 0.0117475],[0.0270135  0.19277251 0.1400015  ... 0.045166   0.0551205  0.0587375 ]
