Voltage(V),Current(A),Power(W)
5,"[4.99888   0.0121141 4.99928   0.0146508 4.9934    0.029337  4.99976
 0.0148585]","[24.9944     0.0605705 24.996399   0.073254  24.967001   0.146685
 24.9988     0.0742925]"
