Voltage(V),Current(A),Power(W)
5,[4.99422   0.0265997 4.99255   0.0249207 4.99242   0.0290016],[24.9711     0.1329985 24.96275    0.1246035 24.962101   0.145008 ]
