Voltage(V),Current(A),Power(W)
5,[4.99957   0.0120866 4.9995    0.0129322 4.9999    0.0126313],[24.997849   0.060433  24.9975     0.064661  24.9995     0.0631565]
