Voltage(V),Current(A),Power(W)
5,"[4.99954   0.0122766 4.99958   0.0146356 4.9939    0.0275396 4.99954
 0.0145598 4.99412   0.0284428 4.99956   0.0145306]","[24.9977    0.061383 24.9979    0.073178 24.9695    0.137698 24.9977
  0.072799 24.9706    0.142214 24.997799  0.072653]"
