Voltage(V),Current(A),Power(W)
5,[4.99928   0.0102967 4.99962   0.0123708],[24.996399   0.0514835 24.9981     0.061854 ]
