Voltage(V),Current(A),Power(W)
5,[4.99402   0.0265332 4.99957   0.014455  4.99953   0.0147341],[24.9701      0.13266599 24.997849    0.072275   24.99765     0.0736705 ]
