Voltage(V),Current(A),Power(W)
5,"[4.99926   0.0103871 4.9997    0.0123255 4.99374   0.0275276 4.99942
 0.0124206]","[24.9963     0.0519355 24.9985     0.0616275 24.9687     0.137638
 24.9971     0.062103 ]"
