Voltage(V),Current(A),Power(W)
5,[4.99449   0.0252697 4.99957   0.0127962 4.99946   0.0129201],[24.97245    0.1263485 24.997849   0.063981  24.997301   0.0646005]
