Voltage(V),Current(A),Power(W)
5,[0.0251968 0.0251652 0.0248845 0.0276682 0.0257169],[0.125984   0.125826   0.1244225  0.13834101 0.1285845 ]
