Voltage(V),Current(A),Power(W)
5,[4.99353   0.0247791 4.99957   0.012745  4.99961   0.0127801],[24.96765    0.1238955 24.997849   0.063725  24.99805    0.0639005]
