Voltage(V),Current(A),Power(W)
5,[4.99936   0.0123791 4.99959   0.0127278 4.9991    0.013115 ],[24.9968     0.0618955 24.99795    0.063639  24.9955     0.065575 ]
