Voltage(V),Current(A),Power(W)
5,[5.00004   0.014132  4.99964   0.0151245 4.99979   0.014477 ],[25.0002     0.07066   24.9982     0.0756225 24.998951   0.072385 ]
