Voltage(V),Current(A),Power(W)
5,[0.0219745 0.0230494 0.0226476 ... 0.0122524 0.0123692 0.0123639],[0.10987251 0.115247   0.11323801 ... 0.061262   0.061846   0.0618195 ]
