Voltage(V),Current(A),Power(W)
5,[4.99951   0.0100792],[24.99755   0.050396]
