Voltage(V),Current(A),Power(W)
5,[4.99968   0.0121539 4.99988   0.0127032 4.9994    0.0129139],[24.9984     0.0607695 24.9994     0.063516  24.997002   0.0645695]
