Voltage(V),Current(A),Power(W)
5,[0.0264193 0.0278941 0.0275466],[0.1320965 0.1394705 0.137733 ]
