Voltage(V),Current(A),Power(W)
5,[4.99951   0.0121101 4.99953   0.0125829 4.99961   0.0127861],[24.99755    0.0605505 24.99765    0.0629145 24.99805    0.0639305]
