Voltage(V),Current(A),Power(W)
5,"[5.03267e+00 1.92233e-02 5.01218e+00 ... 3.27450e-03 4.99539e+00
 9.67920e-03]","[2.5163349e+01 9.6116506e-02 2.5060900e+01 ... 1.6372500e-02 2.4976950e+01
 4.8395999e-02]"
