Voltage(V),Current(A),Power(W)
5,"[4.99337   0.0247856 4.99422   0.0256727 4.99363   0.0255086 4.99579
 0.0313704 4.99399   0.0256865]","[24.96685    0.123928  24.9711     0.1283635 24.96815    0.127543
 24.97895    0.156852  24.96995    0.1284325]"
