Voltage(V),Current(A),Power(W)
5,[4.99977   0.0136398 4.99971   0.0140379],[24.998852   0.068199  24.99855    0.0701895]
