Voltage(V),Current(A),Power(W)
5,[4.99926   0.0103871 4.9997    0.0123255],[24.9963     0.0519355 24.9985     0.0616275]
