Voltage(V),Current(A),Power(W)
5,[4.99943   0.0140213 4.9998    0.0147231 4.99905   0.0148273],[24.99715    0.0701065 24.999      0.0736155 24.99525    0.0741365]
