Voltage(V),Current(A),Power(W)
5,[4.99925   0.010507  4.99941   0.0126766],[24.99625   0.052535 24.997051  0.063383]
