Voltage(V),Current(A),Power(W)
5,[4.99954   0.0122766 4.99958   0.0146356],[24.9977    0.061383 24.9979    0.073178]
