Voltage(V),Current(A),Power(W)
5,[4.99913   0.0123969 4.99957   0.0145452],[24.99565    0.0619845 24.997849   0.072726 ]
