Voltage(V),Current(A),Power(W)
5,[4.99967   0.0122404 4.99956   0.0124268],[24.99835   0.061202 24.997799  0.062134]
