Voltage(V),Current(A),Power(W)
5,[0.0246778 0.0254223 0.0254031 0.0345909 0.0263734],[0.123389   0.1271115  0.1270155  0.1729545  0.13186699]
