Voltage(V),Current(A),Power(W)
5,[5.00382   0.0193211 4.99713   ... 0.0154408 4.9978    0.0109804],[25.0191     0.0966055 24.98565   ...  0.077204  24.988998   0.054902 ]
