Voltage(V),Current(A),Power(W)
5,"[4.99935   0.0105402 4.99964   0.0126122 4.99443   0.0274333 4.99385
 0.0265206 4.99404   0.0256525 4.99523   0.0264059 4.99368   0.0260411
 4.99388   0.0264187 4.99316   0.0267576 4.99501   0.0266704]","[24.99675    0.052701  24.9982     0.063061  24.97215    0.1371665
 24.969252   0.132603  24.9702     0.1282625 24.97615    0.1320295
 24.9684     0.1302055 24.969398   0.1320935 24.9658     0.133788
 24.97505    0.133352 ]"
