Voltage(V),Current(A),Power(W)
5,[4.99986   0.011955  4.99963   0.0127777 4.99952   0.0129616],[24.999298   0.059775  24.99815    0.0638885 24.997599   0.064808 ]
