Voltage(V),Current(A),Power(W)
5,"[0.0125365 0.0124342 0.0125991 0.0124083 0.0123486 0.0123056 0.0122182
 0.0122417 0.012022  0.0122197 0.0127876 0.012466  0.0127276 0.0125109
 0.0130042 0.0126155 0.0122975 0.012355  0.0121011 0.0124792 0.0128043
 0.0127582 0.0128277 0.0125406 0.0126606 0.0124477 0.0128047 0.01247
 0.0124301 0.0124249 0.0125977 0.0127674 0.0127656 0.0126495 0.0124783]","[0.06268249 0.062171   0.0629955  0.0620415  0.061743   0.061528
 0.061091   0.0612085  0.06011    0.0610985  0.063938   0.06233
 0.063638   0.0625545  0.065021   0.0630775  0.0614875  0.061775
 0.0605055  0.062396   0.0640215  0.063791   0.0641385  0.062703
 0.063303   0.0622385  0.0640235  0.06235    0.0621505  0.0621245
 0.0629885  0.063837   0.063828   0.0632475  0.0623915 ]"
