Voltage(V),Current(A),Power(W)
5,"[4.99913   0.0123969 4.99957   0.0145452 4.99517   0.0278983 4.99961
 0.0142827 4.99445   0.0285044 4.99976   0.0143629 4.99619   0.0363194
 4.9997    0.0145637 4.99485   0.0365929 4.99987   0.0143539 4.99569
 0.030058  4.99965   0.0142368 4.99481   0.0368397 4.99962   0.0143798
 4.9959    0.0365575 4.9996    0.0143567]","[24.99565     0.0619845  24.997849    0.072726   24.975851    0.1394915
 24.99805     0.0714135  24.97225     0.14252199 24.9988      0.0718145
 24.98095     0.18159701 24.9985      0.0728185  24.97425     0.1829645
 24.99935     0.0717695  24.978449    0.15029    24.99825     0.071184
 24.97405     0.1841985  24.9981      0.071899   24.9795      0.1827875
 24.998       0.0717835 ]"
