Voltage(V),Current(A),Power(W)
5,[0.0246923 0.0243273 0.0251521 ... 0.014178  0.0140741 0.0136953],[0.1234615 0.1216365 0.1257605 ... 0.07089   0.0703705 0.0684765]
