Voltage(V),Current(A),Power(W)
5,"[4.99896   0.0125572 4.99972   0.0139735 4.99331   0.0278256 4.99337
 0.0280559 4.99369   0.0282152]","[24.9948     0.062786  24.9986     0.0698675 24.966549   0.139128
 24.96685    0.1402795 24.96845    0.141076 ]"
