Voltage(V),Current(A),Power(W)
5,[4.99322   0.0256513 4.99225   0.0249789 4.99236   0.0308568],[24.966099   0.1282565 24.96125    0.1248945 24.9618     0.154284 ]
