Voltage(V),Current(A),Power(W)
5,[0.0263916 0.0263095 0.0263818 0.0270667 0.0262251],[0.131958   0.1315475  0.131909   0.13533351 0.1311255 ]
