Voltage(V),Current(A),Power(W)
5,"[ 5.00403e+00  1.34322e-02  5.00397e+00 ...  2.51431e-02  4.97620e+00
 -4.73220e-03]","[ 2.5020151e+01  6.7161001e-02  2.5019852e+01 ...  1.2571549e-01
  2.4881001e+01 -2.3660999e-02]"
