Voltage(V),Current(A),Power(W)
5,[5.04653   0.0223937 4.99785   ... 0.0204373 5.03458   0.0300957],[25.232649   0.1119685 24.98925   ...  0.1021865 25.172901   0.1504785]
