Voltage(V),Current(A),Power(W)
5,[4.99964   0.0137244 4.99972   0.0145368 4.99961   0.0142558],[24.9982    0.068622 24.9986    0.072684 24.99805   0.071279]
