Voltage(V),Current(A),Power(W)
5,[4.99932   0.0131038],[24.996601  0.065519]
