Voltage(V),Current(A),Power(W)
5,[4.99568   0.0084834 5.0046    ... 0.0387267 4.96876   0.0200419],[24.9784     0.042417  25.023     ...  0.1936335 24.8438     0.1002095]
