Voltage(V),Current(A),Power(W)
5,"[4.99444e+00 2.53778e-02 4.95375e+00 ... 2.91664e-02 5.01582e+00
 3.67010e-03]","[2.4972200e+01 1.2688901e-01 2.4768751e+01 ... 1.4583200e-01 2.5079100e+01
 1.8350499e-02]"
