Voltage(V),Current(A),Power(W)
5,[4.99458   0.0228185 4.99471   0.0222941 4.99262   0.0218112],[24.972898    0.1140925  24.973549    0.11147051 24.9631      0.109056  ]
