Voltage(V),Current(A),Power(W)
5,[4.99954   0.0139591 4.99986   0.0140958],[24.9977     0.0697955 24.999298   0.070479 ]
