Voltage(V),Current(A),Power(W)
5,[0.024985  0.0254232 0.026099  0.0336421 0.0260723],[0.124925   0.12711601 0.130495   0.16821049 0.1303615 ]
