Voltage(V),Current(A),Power(W)
5,[4.99346   0.027308  4.99974   0.0142715 4.99964   0.0142797],[24.9673     0.13654   24.998701   0.0713575 24.9982     0.0713985]
