Voltage(V),Current(A),Power(W)
5,[4.99346   0.0262314 4.9942    0.0284412 4.99368   0.026421 ],[24.9673      0.13115701 24.971       0.142206   24.9684      0.132105  ]
