Voltage(V),Current(A),Power(W)
5,"[4.99871   0.0106492 4.99971   0.0118678 4.9939    0.0262309 4.99324
 0.0261293 4.99254   0.0262794]","[24.993551    0.053246   24.99855     0.059339   24.9695      0.13115449
 24.9662      0.1306465  24.9627      0.131397  ]"
