Voltage(V),Current(A),Power(W)
5,"[0.0124308 0.0126759 0.0124881 0.012701  0.012498  0.0126549 0.0127018
 0.0124236 0.0124036 0.0120166 0.0124212 0.0127664 0.0124879 0.0126294
 0.0126231]","[0.062154  0.0633795 0.0624405 0.063505  0.06249   0.0632745 0.063509
 0.062118  0.062018  0.060083  0.062106  0.063832  0.0624395 0.063147
 0.0631155]"
