Voltage(V),Current(A),Power(W)
5,[4.99965   0.0120654 4.99926   0.012821  4.99952   0.01263  ],[24.99825   0.060327 24.9963    0.064105 24.997599  0.06315 ]
