Voltage(V),Current(A),Power(W)
5,[4.99871   0.0106492 4.99971   0.0118678 4.9939    0.0262309],[24.993551    0.053246   24.99855     0.059339   24.9695      0.13115449]
