Voltage(V),Current(A),Power(W)
5,[4.99957   0.0121921 4.99967   0.0128879 4.99965   0.012683 ],[24.997849    0.0609605  24.99835     0.0644395  24.99825     0.06341501]
