Voltage(V),Current(A),Power(W)
5,"[ 5.01380e+00  3.97780e-03  5.00945e+00 ...  3.34017e-02  5.00426e+00
 -6.68000e-05]","[ 2.5069000e+01  1.9888999e-02  2.5047249e+01 ...  1.6700850e-01
  2.5021301e+01 -3.3399998e-04]"
