Voltage(V),Current(A),Power(W)
5,"[5.01380e+00 3.97780e-03 5.00945e+00 ... 9.32510e-03 5.00005e+00
 1.08463e-02]","[2.5069000e+01 1.9888999e-02 2.5047249e+01 ... 4.6625502e-02 2.5000250e+01
 5.4231502e-02]"
