Voltage(V),Current(A),Power(W)
5,[4.98919   0.0216464 5.00963   ... 0.011098  5.00329   0.0105058],"[24.94595     0.10823201 25.048151   ...  0.05549    25.01645
  0.052529  ]"
