Voltage(V),Current(A),Power(W)
5,[0.0124308 0.0126759 0.0124881 0.012701  0.012498 ],[0.062154  0.0633795 0.0624405 0.063505  0.06249  ]
