Voltage(V),Current(A),Power(W)
5,[4.9995    0.011939  4.99948   0.0128991 4.99947   0.0130335],[24.9975     0.059695  24.997398   0.0644955 24.99735    0.0651675]
