Voltage(V),Current(A),Power(W)
5,[0.0258305 0.0255771 0.0249559 0.0273274 0.0260202],[0.1291525  0.1278855  0.1247795  0.136637   0.13010101]
