Voltage(V),Current(A),Power(W)
5,[0.0277734 0.0285359 0.0279955],[0.138867  0.1426795 0.1399775]
