Voltage(V),Current(A),Power(W)
5,[4.99948   0.0134347 4.9998    0.0146729],[24.997398   0.0671735 24.999      0.0733645]
