Voltage(V),Current(A),Power(W)
5,[4.9925    0.0247996 4.99341   0.0256688 4.99441   0.024959 ],[24.9625    0.123998 24.96705   0.128344 24.97205   0.124795]
