Voltage(V),Current(A),Power(W)
5,[0.0249838 0.0246584 0.0244809],[0.124919  0.123292  0.1224045]
