Voltage(V),Current(A),Power(W)
5,[4.99359   0.0277455 4.99494   0.0264918 4.99366   0.0278407],[24.967949   0.1387275 24.974699   0.132459  24.9683     0.1392035]
