Voltage(V),Current(A),Power(W)
5,[4.99995   0.0118642 4.99951   0.0130619],[24.99975     0.059321   24.99755     0.06530949]
