Voltage(V),Current(A),Power(W)
5,[4.99897   0.0125576 4.99955   0.0148258],[24.99485     0.06278799 24.99775     0.074129  ]
