Voltage(V),Current(A),Power(W)
5,"[ 5.01437e+00 -1.85500e-03  4.99740e+00 ... -8.49400e-03  5.00234e+00
  9.43470e-03]","[ 2.507185e+01 -9.275001e-03  2.498700e+01 ... -4.247000e-02  2.501170e+01
  4.717350e-02]"
