Voltage(V),Current(A),Power(W)
5,"[4.99918   0.0104317 4.99945   0.012635  4.99953   0.0128705 4.99965
 0.012266  4.99954   0.0123003 4.99963   0.0124847 4.9995    0.0120456
 4.99963   0.0120303 4.9997    0.012127  4.99936   0.0121426 4.99359
 0.0277426 4.99953   0.0126661 4.9996    0.0126766]","[24.9959     0.0521585 24.997252   0.063175  24.99765    0.0643525
 24.99825    0.06133   24.9977     0.0615015 24.99815    0.0624235
 24.9975     0.060228  24.99815    0.0601515 24.9985     0.060635
 24.9968     0.060713  24.967949   0.138713  24.99765    0.0633305
 24.998      0.063383 ]"
