Voltage(V),Current(A),Power(W)
5,[4.99508   0.0268497 4.99462   0.0279049 4.99505   0.0272177],[24.975399    0.1342485  24.973099    0.1395245  24.97525     0.13608849]
