Voltage(V),Current(A),Power(W)
5,[0.0246923 0.0243273 0.0251521 ... 0.0140021 0.0146554 0.0145331],[0.1234615 0.1216365 0.1257605 ... 0.0700105 0.073277  0.0726655]
