Voltage(V),Current(A),Power(W)
5,[0.027603  0.0267455 0.0283062],[0.138015   0.1337275  0.14153099]
