Voltage(V),Current(A),Power(W)
5,[4.99966   0.0120755 4.99962   0.0129057 4.9995    0.0125442],[24.9983     0.0603775 24.9981     0.0645285 24.9975     0.062721 ]
