Voltage(V),Current(A),Power(W)
5,[0.0218448 0.0226052 0.0226235 0.0294293 0.0238677],[0.10922401 0.11302599 0.1131175  0.1471465  0.1193385 ]
