Voltage(V),Current(A),Power(W)
5,"[4.99954   0.0122766 4.99958   0.0146356 4.9939    0.0275396 4.99954
 0.0145598]","[24.9977    0.061383 24.9979    0.073178 24.9695    0.137698 24.9977
  0.072799]"
