Voltage(V),Current(A),Power(W)
5,[4.99226   0.0254177 4.99953   0.0126383 4.99957   0.0126554],[24.9613     0.1270885 24.99765    0.0631915 24.997849   0.063277 ]
