Voltage(V),Current(A),Power(W)
5,[4.99359   0.0272389 4.99964   0.0142915],[24.967949   0.1361945 24.9982     0.0714575]
