Voltage(V),Current(A),Power(W)
5,[4.99952   0.0120954 4.99982   0.0124964 4.99929   0.0125698],[24.997599  0.060477 24.999102  0.062482 24.99645   0.062849]
