Voltage(V),Current(A),Power(W)
5,[4.99946   0.0103068 4.99522   0.0239465 4.99942   0.0108088],[24.997301   0.051534  24.9761     0.1197325 24.9971     0.054044 ]
