Voltage(V),Current(A),Power(W)
5,[0.0140288 0.0302804 0.0378577],[0.070144  0.151402  0.1892885]
