Voltage(V),Current(A),Power(W)
5,[4.99337   0.0272352 4.9947    0.0274802 4.99444   0.028009 ],[24.96685   0.136176 24.9735    0.137401 24.9722    0.140045]
