Voltage(V),Current(A),Power(W)
5,"[4.99925   0.010507  4.99941   0.0126766 4.99293   0.026965  4.99977
 0.0126854]","[24.99625     0.052535   24.997051    0.063383   24.96465     0.13482499
 24.998852    0.063427  ]"
