Voltage(V),Current(A),Power(W)
5,[4.99973   0.0122074 4.99964   0.0127963],[24.99865    0.061037  24.9982     0.0639815]
