Voltage(V),Current(A),Power(W)
5,"[4.99422e+00 7.05900e-04 4.99488e+00 ... 6.55580e-03 5.00249e+00
 1.25004e-02]","[2.4971100e+01 3.5295002e-03 2.4974401e+01 ... 3.2779001e-02 2.5012451e+01
 6.2501997e-02]"
