Voltage(V),Current(A),Power(W)
5,[4.99927   0.0120845 4.99917   0.0129304 4.99939   0.0124957],[24.99635    0.0604225 24.99585    0.064652  24.99695    0.0624785]
