Voltage(V),Current(A),Power(W)
5,[4.99886   0.0104914 4.99942   0.0121295],[24.994299   0.052457  24.9971     0.0606475]
