Voltage(V),Current(A),Power(W)
5,"[4.99232   0.0246184 4.99374   0.0259167 4.99444   0.0253594 4.99408
 0.0304429 4.99411   0.0260965]","[24.961601    0.123092   24.9687      0.1295835  24.9722      0.12679699
 24.9704      0.1522145  24.97055     0.1304825 ]"
