Voltage(V),Current(A),Power(W)
5,[0.0219745 0.0230494 0.0226476 ... 0.0122213 0.0125263 0.0121913],[0.10987251 0.115247   0.11323801 ... 0.0611065  0.0626315  0.0609565 ]
