Voltage(V),Current(A),Power(W)
5,[4.99716   0.0427552 4.99385   0.0247564 4.99145   0.0250153],[24.9858     0.213776  24.969252   0.123782  24.957249   0.1250765]
