Voltage(V),Current(A),Power(W)
5,[4.99447   0.0265121 4.99466   0.0273006 4.99466   0.0266467],[24.972351    0.13256049 24.973299    0.136503   24.973299    0.1332335 ]
