Voltage(V),Current(A),Power(W)
5,[5.00179   0.0094477 4.99689   ... 0.0060592 4.97509   0.0062066],[25.00895    0.0472385 24.984451  ...  0.030296  24.87545    0.031033 ]
