Voltage(V),Current(A),Power(W)
5,[4.99945   0.0139587 4.99964   0.0143427],[24.997252   0.0697935 24.9982     0.0717135]
