Voltage(V),Current(A),Power(W)
5,"[4.99302   0.0222551 4.99433   0.0223651 4.99428   0.0224527 4.99489
 0.0319136 4.99545   0.0241031]","[24.9651      0.1112755  24.97165     0.1118255  24.9714      0.1122635
 24.974451    0.15956801 24.97725     0.1205155 ]"
