Voltage(V),Current(A),Power(W)
5,"[4.99409   0.0253588 4.99315   0.0247299 4.99289   0.0284036 4.99315
 0.0266118 4.99379   0.0263727]","[24.970451   0.126794  24.965752   0.1236495 24.964449   0.142018
 24.965752   0.133059  24.96895    0.1318635]"
