Voltage(V),Current(A),Power(W)
5,[4.99306   0.0245857 4.99386   0.0254789 4.99325   0.0244591],[24.965302   0.1229285 24.9693     0.1273945 24.96625    0.1222955]
