Voltage(V),Current(A),Power(W)
5,[4.99959   0.0105183 4.99963   0.0122526 4.99281   0.0261999],[24.99795    0.0525915 24.99815    0.061263  24.964048   0.1309995]
