Voltage(V),Current(A),Power(W)
5,0.0530998,"[ 0.265499    0.018312    0.010435    0.02742     0.059591    0.0769625
  0.053842    0.0415955   0.052132    0.0566075   0.052726    0.1314135
  0.104941    0.005147    0.0368195   0.0464925   0.075159    0.0543645
  0.0333625   0.0236475   0.0283445   0.054573    0.133468    0.25194448
 -0.020135    0.025909    0.0287685   0.0681555   0.078203    0.047588
  0.0400275   0.0583595   0.056192    0.049729    0.12733349  0.1076505
  0.008524    0.0356295   0.048067    0.072065    0.05529     0.031666
  0.02844     0.0286675   0.0472005   0.0648245   0.1586105   0.19812348
 -0.023273    0.027454    0.032115    0.0807385   0.064895    0.0465765
  0.043213    0.0553575   0.049328    0.0530115   0.1436665   0.09549849
  0.006018    0.034609    0.0517615   0.0775825   0.051863    0.045421
  0.0435945   0.034909    0.0319345   0.0398945   0.213458    0.14778
 -0.023767    0.030443    0.0363315   0.093873    0.0525745   0.0446765
  0.0463315   0.0601585   0.0489485   0.10712799  0.1335      0.003359
  0.03533     0.050528    0.065202    0.0562245   0.05025     0.0424995
  0.0373585   0.0319565   0.0375755   0.1506985   0.220114   -0.0355995
  0.0287855   0.026122    0.086565    0.0655415   0.051879    0.043561
  0.0470255   0.0545705   0.146734    0.088338    0.005514    0.040447
  0.0510715   0.0718325   0.052621    0.047225    0.0532585   0.054625
  0.0392465   0.0271      0.0299105   0.1835205   0.186777   -0.0288245
  0.030531    0.0350115   0.0810125   0.0672915   0.0451755   0.045595
  0.047111    0.057851    0.0598285   0.049178    0.044437    0.1774165
  0.049012    0.023282    0.0348895   0.058464    0.077966    0.043285
  0.0332725   0.026952    0.0333125   0.04677     0.2076105   0.163368
 -0.0300905   0.0304795   0.0319525   0.086344    0.066156    0.034645
  0.0527245   0.052536    0.1783165   0.0522405   0.018678    0.032759
  0.0580225   0.068676    0.057393    0.04155     0.052686    0.0497575
  0.055909    0.0833275   0.156067    0.008196    0.034426    0.0427515
  0.073516    0.0590375   0.044841    0.045726    0.0513425   0.0648555
  0.0626695   0.2645755   0.037676    0.0049035   0.03125     0.0511705
  0.08365799  0.052707    0.040801    0.053245    0.0535755   0.055807
  0.0484715   0.179743    0.0398655   0.01878     0.2024895   0.285528
  0.1109685   0.211157    0.1786865   0.21604049  0.157767    0.2644555
  0.3020075   0.2256055 ]"
