Voltage(V),Current(A),Power(W)
5,[0.0165813 0.0713263 0.0057919 ... 0.0109176 0.009928  0.0107478],[0.0829065  0.35663152 0.0289595  ... 0.054588   0.04964    0.053739  ]
