Voltage(V),Current(A),Power(W)
5,[0.0165813 0.0713263 0.0057919 ... 0.0101007 0.0107614 0.0107952],[0.0829065  0.35663152 0.0289595  ... 0.0505035  0.053807   0.053976  ]
