Voltage(V),Current(A),Power(W)
5,[0.007546  0.0112506 0.0525572 ... 0.0119183 0.0536471 0.011265 ],[0.03773   0.056253  0.262786  ... 0.0595915 0.2682355 0.056325 ]
