Voltage(V),Current(A),Power(W)
5,0.0117313,"[ 0.0586565   0.048477    0.0481985   0.0739255   0.139874    0.0079685
  0.0234495   0.030995    0.0704005   0.072844    0.0483145   0.042788
  0.047939    0.0620675   0.052653    0.223404    0.1189015  -0.0198235
  0.0319335   0.0408445   0.0856825   0.060643    0.041211    0.044431
  0.055508    0.0568365   0.0387915   0.024032    0.0353035   0.091858
  0.1696545  -0.003545    0.034343    0.0440665   0.0644695   0.0654235
  0.0443375   0.051208    0.0472335   0.0618535   0.051275    0.17442851
  0.1730685  -0.022118    0.0307505   0.0410485   0.0764025   0.058911
  0.038633    0.032478    0.024727    0.0404275   0.068124    0.20153649
  0.00964     0.0252385   0.034871    0.070799    0.066468    0.044413
  0.0523845   0.049792    0.055031    0.0512885   0.0669555   0.2659015
  0.041005    0.00095     0.025634    0.047997    0.0916455   0.037647
  0.0182755   0.022764    0.05034     0.19602351  0.0591255   0.013323
  0.0345675   0.053001    0.07081001  0.056165    0.044134    0.047391
  0.060232    0.052674    0.0489215   0.074998    0.172278    0.002758
  0.034201    0.042544    0.064517    0.0568965   0.045408    0.0280675
  0.0311125   0.0416905   0.09959351  0.27974102 -0.0132405   0.018819
  0.025616    0.0754405   0.0756275   0.045893    0.04166     0.052227
  0.0551865   0.0627505   0.17406501  0.0269325   0.023381    0.038711
  0.067507    0.0647675   0.048343    0.0386335   0.0289015   0.036431
  0.0430205   0.111132    0.271626   -0.024306    0.0256915   0.027378
  0.0732455   0.0736275   0.046185    0.042619    0.050185    0.0563895
  0.0535375   0.1538645   0.072488    0.016305    0.0351435   0.058137
  0.068021    0.047862    0.045933    0.030656    0.030629    0.0389225
  0.061165    0.1041605   0.255829   -0.0038045   0.0231385   0.024997
  0.0688315   0.073528    0.042668    0.0512355   0.0445595   0.0603335
  0.059253    0.117529    0.1113325   0.005202    0.0352055   0.0519315
  0.0744015   0.048833    0.0354775   0.0313845   0.028505    0.046533
  0.0697825   0.0509145   0.0760885   0.2764805   0.0042555   0.018542
  0.024265    0.06304049  0.0807045   0.049701    0.0449085   0.045232
  0.05151     0.1311575   0.1147665   0.002348    0.0299735   0.0537435
  0.0770405   0.040801    0.0265255   0.0230295   0.042483    0.071049
  0.0659755   0.1599545   0.1812665  -0.024214    0.027362    0.038092
  0.0833315   0.06314   ]"
