Voltage(V),Current(A),Power(W)
5,0.0200729,"[ 0.1003645   0.0042915   0.0243995   0.018552    0.0393965   0.0501105
  0.0448      0.03927     0.2349575   0.0569185  -0.008816    0.020614
  0.01082     0.0263125   0.06282301  0.052534    0.148127    0.165174
 -0.0278825   0.026073    0.008905    0.022481    0.0524805   0.063416
  0.152312    0.0243295   0.015207    0.0182665   0.026899    0.0490595
  0.052132    0.0405675   0.0962995   0.2232925  -0.0319085   0.0248835
  0.0109285   0.016646    0.052058    0.19712201  0.017513    0.0135125
  0.0147745   0.021538    0.0465305   0.065276    0.0361015   0.1314145
  0.0512815   0.0135265   0.0213      0.0230105   0.044441    0.0528605
  0.041129    0.095611    0.2255125  -0.031028    0.0250285   0.0089495
  0.0193685   0.041726    0.06833901  0.0828765   0.238712   -0.02016
  0.020065    0.013062    0.014876    0.0428205   0.0684005   0.04063
  0.0347915   0.0646535   0.1324395   0.003054    0.0213675   0.01821
  0.0355965   0.051756    0.046006    0.0324755   0.1456605   0.17837049
 -0.034016    0.027268    0.0050485   0.023886    0.050047    0.078311
  0.2363155   0.0353315   0.001224    0.017072    0.0137465   0.030156
  0.0664305   0.0543845   0.031083    0.0507045   0.139478    0.019254
  0.018318    0.021988    0.0277935   0.053479    0.041587    0.041075
  0.22639799  0.07192551 -0.0107905   0.020144    0.0111355   0.026723
  0.0608075   0.068305    0.13739     0.01538     0.019369    0.0195985
  0.027253    0.047708    0.0522795   0.038329    0.2141785   0.08371049
 -0.0110555   0.0209      0.0095185   0.0318115   0.057938    0.0555085
  0.130604    0.1879085  -0.0327805   0.028583    0.0067375   0.01999
  0.052835    0.066554    0.034127    0.0297115   0.1361005   0.055362
  0.0127575   0.0190515   0.0221225   0.0446275   0.0551975   0.040831
  0.0360795   0.232457    0.0620555  -0.0072905   0.0215215   0.0096495
  0.029134    0.057628    0.0628835   0.106677    0.214383   -0.033461
  0.0226695   0.011564    0.0134145   0.037471    0.0932945   0.15994999
 -0.004853    0.019948    0.0130455   0.031042    0.0545075   0.0497105
  0.037233    0.0985875   0.22559199 -0.036943    0.0265645   0.007567
  0.022367    0.044221    0.0684485   0.0403475   0.07879201  0.1020245
  0.0123895   0.0228315   0.0271785   0.0360265   0.0513      0.0378955
  0.0334755   0.1581335   0.16596049 -0.031478    0.026713    0.0084475
  0.026092    0.0588725 ]"
