Voltage(V),Current(A),Power(W)
5,[0.0165813 0.0713263 0.0057919 ... 0.0087474 0.0031589 0.0153937],[0.0829065  0.35663152 0.0289595  ... 0.043737   0.0157945  0.07696851]
