Voltage(V),Current(A),Power(W)
5,[0.0029137 0.0031705 0.0023698 ... 0.0090305 0.0100373 0.0118352],[0.0145685 0.0158525 0.011849  ... 0.0451525 0.0501865 0.059176 ]
