Voltage(V),Current(A),Power(W)
5,[0.007546  0.0112506 0.0525572 ... 0.0063751 0.0567896 0.042313 ],[0.03773    0.056253   0.262786   ... 0.0318755  0.283948   0.21156499]
