Voltage(V),Current(A),Power(W)
5,[0.007546  0.0112506 0.0525572 ... 0.0110002 0.0117791 0.0182762],[0.03773   0.056253  0.262786  ... 0.055001  0.0588955 0.091381 ]
