Voltage(V),Current(A),Power(W)
5,[0.0029137 0.0031705 0.0023698 ... 0.0060131 0.0128651 0.0167672],[0.0145685 0.0158525 0.011849  ... 0.0300655 0.0643255 0.083836 ]
