Voltage(V),Current(A),Power(W)
5,[0.007546  0.0112506 0.0525572 ... 0.000533  0.0066809 0.0088453],[0.03773   0.056253  0.262786  ... 0.002665  0.0334045 0.0442265]
