Voltage(V),Current(A),Power(W)
5,[0.0165813 0.0713263 0.0057919 ... 0.0040597 0.0180176 0.0133305],[0.0829065  0.35663152 0.0289595  ... 0.0202985  0.09008799 0.0666525 ]
