Voltage(V),Current(A),Power(W)
5,0.0300286,"[ 0.150143   -0.000436    0.0340765   0.047352    0.0725685   0.058216
  0.0428405   0.0484865   0.064178    0.0452425   0.0486395   0.053523
  0.1523415   0.08078799  0.0125195   0.0368855   0.060751    0.0599345
  0.030781    0.028584    0.0277885   0.0543625   0.076086    0.052424
  0.21787551  0.11512399 -0.017029    0.0327905   0.0520805   0.08001649
  0.0563195   0.0402395   0.0536985   0.0509715   0.0566205   0.0676565
  0.168352    0.017787    0.028787    0.039871    0.069187    0.063171
  0.042188    0.0270975   0.029262    0.03956     0.0680445   0.1146685
  0.2535175  -0.015054    0.0258025   0.026661    0.0713435   0.0767735
  0.048354    0.0374125   0.0466485   0.0662935   0.0567      0.128976
  0.1000255   0.0084135   0.0333735   0.050175    0.075508    0.0350025
  0.0289275   0.0296695   0.0466835   0.0712115   0.0521005   0.2078605
  0.135595   -0.0196395   0.0319485   0.0361115   0.0799465   0.0668575
  0.0455245   0.041029    0.0550115   0.0585795   0.073393    0.16390851
  0.0099835   0.033717    0.0375905   0.0696645   0.065472    0.0453265
  0.0298155   0.026866    0.03415     0.0594185   0.0707985   0.229137
  0.0913765  -0.0041965   0.030381    0.047253    0.080516    0.0573645
  0.0501485   0.0421165   0.053827    0.056435    0.1840375   0.03443
  0.0214475   0.0400395   0.060864    0.0677975   0.049288    0.033531
  0.0246855   0.0331005   0.04488     0.069208    0.238465    0.093892
 -0.005686    0.0284645   0.0441295   0.08341649  0.057534    0.035838
  0.0458095   0.0717115   0.18451852  0.0076      0.0287865   0.039759
  0.0656555   0.0657725   0.0479815   0.0517675   0.0464825   0.0558805
  0.049771    0.034847    0.126204    0.0698575   0.0205165   0.042367
  0.0530535   0.0660385   0.0498125   0.0525995   0.049523    0.0566265
  0.0500295   0.0491935   0.0856525   0.2763355   0.000509    0.0161945
  0.029238    0.0641825   0.081474    0.047585    0.0411125   0.0396105
  0.031061    0.033396    0.071236    0.180905    0.007443    0.028888
  0.0432855   0.066073    0.0648135   0.048618    0.044322    0.051754
  0.0524175   0.05456     0.0924155   0.2652965   0.0009485   0.014338
  0.0291385   0.071167    0.071639    0.049027    0.0456195   0.0530585
  0.038202    0.031245    0.1159775   0.1008445   0.0185105   0.0345505
  0.053208    0.071581    0.0514185   0.044699    0.0507585   0.0570785
  0.0536775   0.0526245 ]"
