Voltage(V),Current(A),Power(W)
5,[0.0165813 0.0713263 0.0057919 ... 0.011384  0.0038451 0.0175344],[0.0829065  0.35663152 0.0289595  ... 0.05692    0.0192255  0.087672  ]
