Voltage(V),Current(A),Power(W)
5,[0.0165813 0.0713263 0.0057919 ... 0.0180729 0.0139879 0.0079797],[0.0829065  0.35663152 0.0289595  ... 0.0903645  0.0699395  0.0398985 ]
