Voltage(V),Current(A),Power(W)
5,[ 0.0165813  0.0713263  0.0057919 ...  0.0557912 -0.0111916  0.010851 ],"[ 0.0829065   0.35663152  0.0289595  ...  0.278956   -0.055958
  0.054255  ]"
