Voltage(V),Current(A),Power(W)
5,[0.0047351 0.0047937 0.0082265 ... 0.0179312 0.0129398 0.008125 ],[0.0236755  0.0239685  0.0411325  ... 0.089656   0.06469899 0.040625  ]
