Voltage(V),Current(A),Power(W)
5,[0.007546  0.0112506 0.0525572 ... 0.0054202 0.0056108 0.0162451],[0.03773   0.056253  0.262786  ... 0.027101  0.028054  0.0812255]
