Voltage(V),Current(A),Power(W)
5,0.0149159,"[ 0.0745795   0.2830225  -0.0203395   0.0237855   0.0628355   0.3324805
  0.1589545   0.0182      0.0262665   0.2505305   0.0860755  -0.0104545
  0.125284    0.3225225  -0.0151395   0.014819    0.11054251  0.3329715
  0.090055    0.0044455   0.0305055   0.1526185   0.300143   -0.0114355
  0.0189295   0.140363    0.325166    0.1193975   0.075724    0.0659475
  0.30728048  0.14896901  0.18299     0.19066149  0.18735951  0.186821
  0.19334151  0.0485545   0.01215     0.028059    0.2550405   0.224922
 -0.0278345   0.0273265   0.052588    0.31596798  0.0010135   0.015682
  0.1856515   0.29368198 -0.0416035   0.0314545   0.231996    0.236453
 -0.051302    0.033469    0.2016325   0.28000098 -0.041629    0.045868
  0.3212605   0.095267   -0.0184635   0.030733    0.2275175   0.26233602
 -0.0394135   0.0367425   0.2787365   0.23345602  0.10890999  0.0227345
  0.143117    0.292951    0.1201745   0.2092245   0.18143651  0.1831355
  0.1943005   0.0832825   0.001605    0.0366355   0.2726005   0.18682
 -0.02914     0.029217    0.121085    0.32698002 -0.00572     0.011851
  0.1196585   0.22884351 -0.024702    0.04997     0.323333    0.0984225
 -0.01965     0.0911145   0.33471     0.011883    0.007281    0.1127135
  0.336182    0.082872    0.0085845   0.1362545   0.3112035   0.1217445
  0.0776455   0.027118    0.284733    0.18449649  0.154061    0.2087765
  0.17991601  0.18943149  0.175163    0.0064865   0.021157    0.0688065
  0.31738603  0.0626245  -0.0073365   0.0241945   0.23515649  0.2438885
 -0.042834    0.0521365   0.28224     0.0126385   0.017082    0.2144005
  0.253102   -0.038343    0.0334505   0.2055615   0.2692745  -0.0434735
  0.04113     0.302131    0.132968   -0.0314535   0.03585     0.1726505
  0.3103255  -0.0324555   0.034494    0.3031095   0.20255801  0.1603435
  0.075991    0.066389    0.3080995   0.1417745   0.18996051  0.18508199
  0.1850575   0.182244    0.0114325   0.023403    0.0954635   0.3242195
  0.0326355   0.0059345   0.1958465   0.1474305  -0.0217195   0.1196215
  0.241118   -0.030502    0.0427115   0.29432052  0.146148   -0.0304465
  0.136791    0.21226549 -0.026892    0.096252    0.32891953  0.006581
  0.019147    0.2685485   0.1642725  -0.0291365   0.0472455   0.303917
  0.2075815   0.103062    0.0261665   0.149902    0.2898675   0.1162235
  0.2106235   0.18623     0.1798635   0.196091    0.075285    0.010203
  0.03368     0.263655  ]"
