Voltage(V),Current(A),Power(W)
5,0.0057515,"[ 0.0287575   0.0396415   0.055485    0.060984    0.17490801  0.1831815
 -0.0251215   0.0311845   0.032853    0.078511    0.0696645   0.042153
  0.0441885   0.0575575   0.056202    0.0557935   0.114485    0.114065
  0.0102505   0.0349665   0.0547195   0.064907    0.0562975   0.044688
  0.030359    0.029897    0.037218    0.0598755   0.0706275   0.23437999
  0.0879245  -0.0130745   0.0291895   0.0451115   0.089959    0.0545015
  0.0409225   0.048432    0.0547665   0.061789    0.1834345   0.0185715
  0.024887    0.0369795   0.0664805   0.073017    0.0439255   0.0337675
  0.02904     0.035043    0.047175    0.0694685   0.2471505   0.0766485
 -0.0028085   0.029849    0.050271    0.0778125   0.0595515   0.043466
  0.041671    0.057619    0.0561385   0.072028    0.1646935   0.0124335
  0.0283      0.0425655   0.0717415   0.0567505   0.029516    0.029396
  0.033789    0.0469635   0.071319    0.1444395   0.21200551 -0.0284225
  0.0338505   0.031505    0.07881     0.06345651  0.044806    0.035574
  0.0585225   0.0578015   0.051696    0.1448085   0.083352    0.0112685
  0.0345845   0.055586    0.074664    0.05308     0.0353775   0.028537
  0.0292015   0.0422515   0.065845    0.10330401  0.26461202 -0.013138
  0.0240555   0.029553    0.064571    0.08113451  0.0479535   0.041027
  0.0484465   0.0580265   0.17032251  0.063453    0.013102    0.036604
  0.059584    0.064615    0.0541105   0.0470035   0.052094    0.0546175
  0.0315005   0.036162    0.0562375   0.2865525   0.020091    0.010378
  0.0274955   0.0584775   0.084171    0.0496855   0.0492145   0.0455305
  0.054137    0.04901     0.05437     0.0515035   0.052428    0.155635
  0.0752605   0.009263    0.0375955   0.05566     0.071711    0.0478575
  0.0474435   0.0452305   0.0564395   0.056853    0.182491    0.1685645
 -0.025025    0.0326695   0.038761    0.0865775   0.058139    0.0485135
  0.041017    0.052322    0.0654165   0.0518175   0.17541799  0.022224
  0.028513    0.0383935   0.069856    0.0615425   0.0449855   0.0490175
  0.0535765   0.054238    0.055208    0.0872985   0.2742605   0.0019385
  0.020508    0.0228565   0.06691     0.0792005   0.0481955   0.0409865
  0.0508795   0.050661    0.0820585   0.291111    0.101825    0.0582185
  0.286935    0.1595795   0.17234999  0.192632    0.170362    0.2567565
  0.320802    0.19404751  0.1152      0.2331795   0.1620175   0.26328552
  0.29929     0.08903301]"
