Voltage(V),Current(A),Power(W)
5,[0.0047351 0.0047937 0.0082265 ... 0.0304046 0.0625475 0.0149875],[0.0236755 0.0239685 0.0411325 ... 0.152023  0.3127375 0.0749375]
