Voltage(V),Current(A),Power(W)
5,0.0062866,"[ 0.031433    0.26822698  0.0505105   0.0016445   0.115944    0.3188585
  0.1263835   0.098052    0.0006185   0.0539765   0.3064405   0.0120605
  0.013685    0.0758195   0.3407295   0.150152    0.108376    0.0155135
  0.2626205   0.216372    0.15437451  0.20431699  0.1802095   0.18420549
  0.19459549  0.1253645  -0.00299     0.028936    0.179106    0.2831695
 -0.012569    0.022319    0.078552    0.288714   -0.024518    0.0254765
  0.16241649  0.310038   -0.0308045   0.0265255   0.174188    0.3000065
 -0.032124    0.027393    0.078025    0.34593648  0.024447    0.0047975
  0.1571115   0.3209245   0.0551545   0.0121735   0.0294295   0.24496499
  0.2380785  -0.026888    0.0770015   0.3336985   0.122448    0.002713
  0.11122499  0.3106465   0.134571    0.19161952  0.1948325   0.18315199
  0.19530451  0.18309999  0.042663    0.0113955   0.096442    0.2732085
 -0.0263405   0.0288775   0.159712    0.291991   -0.0324995   0.024507
  0.176799    0.15312749 -0.013486    0.2088675   0.13116899 -0.015332
  0.141493    0.31358498 -0.017654    0.018936    0.10271101  0.33270353
  0.1063325   0.0105565   0.0295265   0.254096    0.2433835   0.14244151
  0.1478325  -0.008386    0.18519801  0.2808335   0.125689    0.2093715
  0.1772195   0.1947665   0.1835745   0.181088   -0.0062365   0.0238275
  0.1185805   0.255845   -0.026781    0.022985    0.11318     0.327543
  0.0064105   0.0098415   0.0461865   0.3161065   0.1323035  -0.021097
  0.0594195   0.33519     0.0722755  -0.006344    0.0531565   0.327794
  0.09799749 -0.0161665   0.161703    0.307807   -0.032089    0.023598
  0.1300275   0.325494   -0.0179725   0.047675    0.335049    0.1705265
  0.089003    0.025929    0.25941598  0.2091575   0.149252    0.2149095
  0.166345    0.196318    0.193205    0.0093375   0.0239165   0.074032
  0.2987055  -0.010719    0.019141    0.07514299  0.3414445   0.040988
 -0.0020245   0.06696     0.336287    0.0541185   0.004621    0.1173825
  0.229278   -0.017756    0.0414      0.296409    0.21153551  0.004964
  0.0393045   0.2904835   0.14215401 -0.0261055   0.032166    0.2453685
  0.2690815   0.1308335   0.1474195  -0.0014235   0.16674301  0.2911475
  0.126618    0.1992785   0.1922285   0.176719    0.19188899  0.076755
  0.0092935   0.049915    0.311872    0.126873   -0.0194215   0.0702005
  0.27202252 -0.0158485   0.0238835   0.23279549  0.0672715   0.0236795
  0.279766    0.016936  ]"
