Voltage(V),Current(A),Power(W)
5,[0.0029137 0.0031705 0.0023698 ... 0.0063345 0.0486706 0.0480936],[0.0145685  0.0158525  0.011849   ... 0.0316725  0.24335301 0.240468  ]
